,dealer,msrp_total,msrp_base,model_title,color,VIN
0,27021,27694.0,27694.0,RAV4 LE FWD 2.5L 4-Cyl.,Super White,2T3H1RFV8MW169546
0,27021,38359.0,38359.0,RAV4 XLE Premium Hybrid AWD,Blueprint,4T3B6RFV0MU053541
0,27021,38359.0,38359.0,RAV4 XLE Premium Hybrid AWD,Blueprint,4T3B6RFVXMU053787
0,04739,40051.0,40051.0,RAV4 XSE Electronic-AWD 2.5L 4-Cyl. Hybrid,Magnetic Gray Metallic/Midnight Black Metallic roof,4T3E6RFVXMU054760
0,04739,40051.0,40051.0,RAV4 XSE Electronic-AWD 2.5L 4-Cyl. Hybrid,Magnetic Gray Metallic/Midnight Black Metallic roof,4T3E6RFV2MU053795
0,04080,36043.0,36043.0,RAV4 XLE Premium Hybrid AWD,Lunar Rock,JTMB6RFV2MD039167
0,04080,41734.0,41734.0,RAV4 Limited Electronic-AWD 2.5L 4-Cyl. Hybrid,Blizzard Pearl [extra_cost_color],4T3D6RFV2MU050780
0,04159,34863.0,34863.0,RAV4 XLE Premium FWD 2.5L 4-Cyl.,Midnight Black Metallic,2T3C1RFVXMC159452
0,04159,39607.0,39607.0,RAV4 XSE Electronic-AWD 2.5L 4-Cyl. Hybrid,Magnetic Gray Metallic/Midnight Black Metallic roof,4T3E6RFV0MU050037
0,04159,40032.0,40032.0,RAV4 XSE Electronic-AWD 2.5L 4-Cyl. Hybrid,Blizzard Pearl / Midnight Black Metallic roof [extra_cost_color],4T3E6RFV6MU051368
0,04159,40156.0,40156.0,RAV4 XSE Electronic-AWD 2.5L 4-Cyl. Hybrid,Blizzard Pearl / Midnight Black Metallic roof [extra_cost_color],4T3E6RFV3MU052476
0,04159,41147.0,41147.0,RAV4 Limited Electronic-AWD 2.5L 4-Cyl. Hybrid,Midnight Black Metallic,4T3D6RFV3MU054708
0,04102,40394.0,40394.0,RAV4 XSE Electronic-AWD 2.5L 4-Cyl. Hybrid,Blueprint / Midnight Black Metallic roof,4T3E6RFV7MU054814
0,04102,42359.0,42359.0,RAV4 Limited Electronic-AWD 2.5L 4-Cyl. Hybrid,Silver Sky Metallic,4T3D6RFV1MU054027
0,04308,35272.0,35272.0,RAV4 XLE Electronic-AWD 2.5L 4-Cyl. Hybrid,Ruby Flare Pearl [extra_cost_color],4T3RWRFV0MU032249
0,04308,36760.0,36760.0,RAV4 XLE Premium Hybrid AWD,Midnight Black Metallic,JTMB6RFV5MD038966
0,04308,36987.0,36987.0,RAV4 Limited FWD 2.5L 4-Cyl.,Magnetic Gray Metallic,2T3Y1RFVXMW169791
0,04508,40647.0,40647.0,RAV4 XSE Electronic-AWD 2.5L 4-Cyl. Hybrid,Blizzard Pearl / Midnight Black Metallic roof [extra_cost_color],4T3E6RFVXMU053785
0,04636,40231.0,40231.0,RAV4 XSE Electronic-AWD 2.5L 4-Cyl. Hybrid,Magnetic Gray Metallic/Midnight Black Metallic roof,4T3E6RFV0MU052497
0,04636,40447.0,40447.0,RAV4 XSE Electronic-AWD 2.5L 4-Cyl. Hybrid,Blizzard Pearl / Midnight Black Metallic roof [extra_cost_color],4T3E6RFV4MU054575
0,04315,28268.0,28268.0,RAV4 LE FWD 2.5L 4-Cyl.,Magnetic Gray Metallic,2T3H1RFVXMC159926
0,04315,28467.0,28467.0,RAV4 LE FWD 2.5L 4-Cyl.,Super White,2T3H1RFV7MC159432
0,04315,32633.0,32633.0,RAV4 XLE Electronic-AWD 2.5L 4-Cyl. Hybrid,Midnight Black Metallic,4T3RWRFV8MU032399
0,04315,35517.0,35517.0,RAV4 XLE Premium FWD 2.5L 4-Cyl.,Blizzard Pearl [extra_cost_color],2T3C1RFV5MW168168
0,04315,40290.0,40290.0,RAV4 XSE Electronic-AWD 2.5L 4-Cyl. Hybrid,Magnetic Gray Metallic/Midnight Black Metallic roof,4T3E6RFV4MU051868
0,04748,40288.0,40288.0,RAV4 Limited TV-AWD 2.5L 4-Cyl.,Silver Sky Metallic,2T3N1RFV9MC231413
0,04136,31579.0,31579.0,RAV4 XLE Electronic-AWD 2.5L 4-Cyl. Hybrid,Super White,4T3RWRFV6MU032269
0,04136,32458.0,32458.0,RAV4 XLE Electronic-AWD 2.5L 4-Cyl. Hybrid,Silver Sky Metallic,4T3RWRFV1MU033023
0,04136,34648.0,34648.0,RAV4 XLE Electronic-AWD 2.5L 4-Cyl. Hybrid,Super White,4T3RWRFV1MU032213
0,04136,34748.0,34748.0,RAV4 XLE Electronic-AWD 2.5L 4-Cyl. Hybrid,Silver Sky Metallic,JTMRWRFV3MD124100
0,04136,36172.0,36172.0,RAV4 XLE Premium Hybrid AWD,Blueprint,4T3B6RFV5MU055110
0,04136,36172.0,36172.0,RAV4 XLE Premium Hybrid AWD,Midnight Black Metallic,4T3B6RFV5MU055009
0,04136,40242.0,40242.0,RAV4 XSE Electronic-AWD 2.5L 4-Cyl. Hybrid,Magnetic Gray Metallic/Midnight Black Metallic roof,JTME6RFVXMD515338
0,04136,40251.0,40251.0,RAV4 XSE Electronic-AWD 2.5L 4-Cyl. Hybrid,Magnetic Gray Metallic/Midnight Black Metallic roof,4T3E6RFV2MU055031
0,04154,40290.0,40290.0,RAV4 XSE Electronic-AWD 2.5L 4-Cyl. Hybrid,Magnetic Gray Metallic/Midnight Black Metallic roof,4T3E6RFV3MU052462
0,04094,37076.0,37076.0,RAV4 Limited FWD 2.5L 4-Cyl.,Magnetic Gray Metallic,2T3Y1RFV9MC158024
0,04094,37915.0,37915.0,RAV4 XSE Electronic-AWD 2.5L 4-Cyl. Hybrid,Blizzard Pearl / Midnight Black Metallic roof [extra_cost_color],4T3E6RFV0MU044867
0,04309,35269.0,35269.0,RAV4 XLE Premium FWD 2.5L 4-Cyl.,Blizzard Pearl [extra_cost_color],2T3C1RFV8MW155348
0,04309,35934.0,35934.0,RAV4 XLE Premium Hybrid AWD,Lunar Rock,4T3B6RFV7MU053228
0,04309,35934.0,35934.0,RAV4 XLE Premium Hybrid AWD,Lunar Rock,4T3B6RFV8MU054016
0,04297,38718.0,38718.0,RAV4 XLE Premium Hybrid AWD,Lunar Rock,4T3B6RFV5MU053972
0,04211,32278.0,32278.0,RAV4 XLE Premium FWD 2.5L 4-Cyl.,Midnight Black Metallic,2T3C1RFV6MC143605
0,04211,33383.0,33383.0,RAV4 XLE Electronic-AWD 2.5L 4-Cyl. Hybrid,Midnight Black Metallic,4T3RWRFV4MU032139
0,04013,34213.0,34213.0,RAV4 XLE Electronic-AWD 2.5L 4-Cyl. Hybrid,Super White,4T3RWRFV1MU033071
0,04013,40290.0,40290.0,RAV4 XSE Electronic-AWD 2.5L 4-Cyl. Hybrid,Magnetic Gray Metallic/Midnight Black Metallic roof,4T3E6RFV6MU054643
0,04059,34213.0,34213.0,RAV4 XLE Electronic-AWD 2.5L 4-Cyl. Hybrid,Super White,4T3RWRFV6MU032952
0,04059,39243.0,39243.0,RAV4 XLE Premium Hybrid AWD,Blizzard Pearl [extra_cost_color],4T3B6RFV9MU055028
0,04059,40275.0,40275.0,RAV4 XSE Electronic-AWD 2.5L 4-Cyl. Hybrid,Magnetic Gray Metallic/Midnight Black Metallic roof,4T3E6RFV0MU053021
0,04059,40275.0,40275.0,RAV4 XSE Electronic-AWD 2.5L 4-Cyl. Hybrid,Magnetic Gray Metallic/Midnight Black Metallic roof,4T3E6RFV4MU053815
0,04059,40715.0,40715.0,RAV4 XSE Electronic-AWD 2.5L 4-Cyl. Hybrid,Blizzard Pearl / Midnight Black Metallic roof [extra_cost_color],4T3E6RFV7MU054652
0,04247,34662.0,34662.0,RAV4 XLE Electronic-AWD 2.5L 4-Cyl. Hybrid,Midnight Black Metallic,4T3RWRFVXMU033246
0,04247,36043.0,36043.0,RAV4 XLE Premium Hybrid AWD,Midnight Black Metallic,JTMB6RFV8MD039304
0,04247,40656.0,40656.0,RAV4 XSE Electronic-AWD 2.5L 4-Cyl. Hybrid,Blizzard Pearl / Midnight Black Metallic roof [extra_cost_color],4T3E6RFV3MU054891
0,04137,34662.0,34662.0,RAV4 XLE Electronic-AWD 2.5L 4-Cyl. Hybrid,Magnetic Gray Metallic,4T3RWRFV7MU033320
0,04137,38778.0,38778.0,RAV4 XLE Premium Hybrid AWD,Lunar Rock,4T3B6RFV0MU053135
0,04543,34353.0,34353.0,RAV4 XLE Electronic-AWD 2.5L 4-Cyl. Hybrid,Magnetic Gray Metallic,4T3RWRFV8MU032726
0,04543,34662.0,34662.0,RAV4 XLE Electronic-AWD 2.5L 4-Cyl. Hybrid,Silver Sky Metallic,JTMRWRFV9MD123646
0,04543,36468.0,36468.0,RAV4 XLE Premium Hybrid AWD,Blizzard Pearl [extra_cost_color],4T3B6RFV6MU055102
0,04543,37613.0,37613.0,RAV4 XLE Premium Hybrid AWD,Midnight Black Metallic,4T3B6RFV1MU055055
0,04284,37536.0,37536.0,RAV4 XSE Electronic-AWD 2.5L 4-Cyl. Hybrid,Magnetic Gray Metallic/Midnight Black Metallic roof,4T3E6RFV2MU052694
0,04284,43246.0,43246.0,RAV4 Limited Electronic-AWD 2.5L 4-Cyl. Hybrid,Blizzard Pearl [extra_cost_color],4T3D6RFV9MU021311
0,04347,41378.0,41378.0,RAV4 Limited Electronic-AWD 2.5L 4-Cyl. Hybrid,Midnight Black Metallic,4T3D6RFV3MU054529
0,04638,39257.0,39257.0,RAV4 Limited FWD 2.5L 4-Cyl.,Ruby Flare Pearl [extra_cost_color],2T3Y1RFV6MW155063
0,04228,40715.0,40715.0,RAV4 XSE Electronic-AWD 2.5L 4-Cyl. Hybrid,Blizzard Pearl / Midnight Black Metallic roof [extra_cost_color],4T3E6RFVXMU052975
0,04713,34224.0,34224.0,RAV4 XLE Electronic-AWD 2.5L 4-Cyl. Hybrid,Magnetic Gray Metallic,4T3RWRFV2MU032978
0,04713,37909.0,37909.0,RAV4 XLE Premium Hybrid AWD,Blizzard Pearl [extra_cost_color],JTMB6RFV4MD038800
0,04713,40318.0,40318.0,RAV4 XSE Electronic-AWD 2.5L 4-Cyl. Hybrid,Blizzard Pearl / Midnight Black Metallic roof [extra_cost_color],4T3E6RFVXMU052488
0,04713,40318.0,40318.0,RAV4 XSE Electronic-AWD 2.5L 4-Cyl. Hybrid,Blizzard Pearl / Midnight Black Metallic roof [extra_cost_color],4T3E6RFV4MU054253
0,04737,38840.0,38840.0,RAV4 XLE Premium Hybrid AWD,Blizzard Pearl [extra_cost_color],4T3B6RFV3MU054926
0,04990,39456.0,39456.0,RAV4 XLE Premium Hybrid AWD,Ruby Flare Pearl [extra_cost_color],4T3B6RFV6MU053821
0,04344,32703.0,32703.0,RAV4 XLE Premium FWD 2.5L 4-Cyl.,Blizzard Pearl [extra_cost_color],2T3C1RFV5MW155369
0,04344,39495.0,39495.0,RAV4 XLE Premium Hybrid AWD,Lunar Rock,4T3B6RFV4MU052831
0,04061,39918.0,39918.0,RAV4 XSE Electronic-AWD 2.5L 4-Cyl. Hybrid,Magnetic Gray Metallic/Midnight Black Metallic roof,JTME6RFVXMD515341
0,04333,36452.0,36452.0,RAV4 XLE Premium Hybrid AWD,Blizzard Pearl [extra_cost_color],4T3B6RFV7MU055089
0,04263,36533.0,36533.0,RAV4 XLE Premium Hybrid AWD,Blizzard Pearl [extra_cost_color],JTMB6RFV8MD039335
0,04456,34663.0,34663.0,RAV4 XLE Electronic-AWD 2.5L 4-Cyl. Hybrid,Lunar Rock,4T3RWRFVXMU033294
0,04456,39192.0,39192.0,RAV4 XLE Premium Hybrid AWD,Blizzard Pearl [extra_cost_color],4T3B6RFVXMU052879
0,04536,40022.0,40022.0,RAV4 Limited FWD 2.5L 4-Cyl.,Blizzard Pearl [extra_cost_color],JTMY1RFV3MD081890
0,04353,37182.0,37182.0,RAV4 XSE Electronic-AWD 2.5L 4-Cyl. Hybrid,Magnetic Gray Metallic/Midnight Black Metallic roof,4T3E6RFV6MU054917
0,04278,38767.0,38767.0,RAV4 XLE Premium Hybrid AWD,Lunar Rock,4T3B6RFV0MU052826
0,04278,40042.0,40042.0,RAV4 XSE Electronic-AWD 2.5L 4-Cyl. Hybrid,Magnetic Gray Metallic/Midnight Black Metallic roof,JTME6RFV5MJ008896
0,04278,40467.0,40467.0,RAV4 XSE Electronic-AWD 2.5L 4-Cyl. Hybrid,Blizzard Pearl / Midnight Black Metallic roof [extra_cost_color],4T3E6RFV3MU055118
0,04282,34663.0,34663.0,RAV4 XLE Electronic-AWD 2.5L 4-Cyl. Hybrid,Lunar Rock,4T3RWRFV1MU033507
0,04282,37002.0,37002.0,RAV4 Limited FWD 2.5L 4-Cyl.,Blueprint,2T3Y1RFV5MW168600
0,04282,40367.0,40367.0,RAV4 XSE Electronic-AWD 2.5L 4-Cyl. Hybrid,Blizzard Pearl / Midnight Black Metallic roof [extra_cost_color],4T3E6RFV6MU054321
0,04222,34453.0,34453.0,RAV4 XLE Electronic-AWD 2.5L 4-Cyl. Hybrid,Silver Sky Metallic,JTMRWRFV7MD123029
0,04222,38541.0,38541.0,RAV4 TRD Off-Road TV-AWD 2.5L 4-Cyl.,Lunar Rock/Ice Edge roof [extra_cost_color],2T3S1RFV4MW146996
0,04135,33298.0,33298.0,RAV4 XLE Electronic-AWD 2.5L 4-Cyl. Hybrid,Silver Sky Metallic,4T3RWRFV9MU032623
0,04076,34558.0,34558.0,RAV4 XLE Electronic-AWD 2.5L 4-Cyl. Hybrid,Silver Sky Metallic,JTMRWRFV8MD123959
0,04076,37678.0,37678.0,RAV4 XLE Premium Hybrid AWD,Magnetic Gray Metallic,JTMB6RFV3MD038576
0,04076,37678.0,37678.0,RAV4 XLE Premium Hybrid AWD,Lunar Rock,JTMB6RFV0MD039197
0,04076,38943.0,38943.0,RAV4 XLE Premium Hybrid AWD,Lunar Rock,JTMB6RFV8MD039187
0,04076,39477.0,39477.0,RAV4 Limited FWD 2.5L 4-Cyl.,Silver Sky Metallic,JTMY1RFV9MD079576
0,04076,40483.0,40483.0,RAV4 XSE Electronic-AWD 2.5L 4-Cyl. Hybrid,Blizzard Pearl / Midnight Black Metallic roof [extra_cost_color],JTME6RFV3MD515343
0,04150,32407.0,32407.0,RAV4 XLE Premium FWD 2.5L 4-Cyl.,Lunar Rock,2T3C1RFV4MW168193
0,04150,37002.0,37002.0,RAV4 Limited FWD 2.5L 4-Cyl.,Silver Sky Metallic,2T3Y1RFV5MC156352
0,04150,38492.0,38492.0,RAV4 XLE Premium Hybrid AWD,Magnetic Gray Metallic,4T3B6RFV1MU050938
0,04150,40635.0,40635.0,RAV4 XSE Electronic-AWD 2.5L 4-Cyl. Hybrid,Blizzard Pearl / Midnight Black Metallic roof [extra_cost_color],4T3E6RFV1MU054047
0,04734,31947.0,31947.0,RAV4 LE Electronic-AWD 2.5L 4-Cyl. Hybrid,Super White,4T3MWRFV1MU033176
0,04734,39031.0,39031.0,RAV4 XLE Premium Hybrid AWD,Lunar Rock,4T3B6RFV4MU050626
0,04215,36720.0,36720.0,RAV4 XSE Electronic-AWD 2.5L 4-Cyl. Hybrid,Silver Sky Metallic/Midnight Black Metallic roof,4T3E6RFV8MU053834
0,04181,33159.0,33159.0,RAV4 XLE Electronic-AWD 2.5L 4-Cyl. Hybrid,Super White,4T3RWRFV8MU032905
0,04273,34752.0,34752.0,RAV4 XLE Electronic-AWD 2.5L 4-Cyl. Hybrid,Silver Sky Metallic,JTMRWRFV7MD122334
0,04221,42022.0,42022.0,RAV4 Limited TV-AWD 2.5L 4-Cyl.,Blizzard Pearl [extra_cost_color],2T3N1RFV8MW219705
0,04426,31379.0,31379.0,RAV4 LE Electronic-AWD 2.5L 4-Cyl. Hybrid,Midnight Black Metallic,JTMMWRFV8MD125396
0,04426,31379.0,31379.0,RAV4 LE Electronic-AWD 2.5L 4-Cyl. Hybrid,Midnight Black Metallic,JTMMWRFV8MD125012
0,04426,37101.0,37101.0,RAV4 XLE Premium Hybrid AWD,Ruby Flare Pearl [extra_cost_color],4T3B6RFV9MU054106
0,04426,37926.0,37926.0,RAV4 XSE Electronic-AWD 2.5L 4-Cyl. Hybrid,Silver Sky Metallic/Midnight Black Metallic roof,4T3E6RFV9MU054247
0,04426,39979.0,39979.0,RAV4 Limited TV-AWD 2.5L 4-Cyl.,Silver Sky Metallic,2T3N1RFV3MC230614
0,04426,39979.0,39979.0,RAV4 Limited TV-AWD 2.5L 4-Cyl.,Silver Sky Metallic,2T3N1RFV2MC229017
0,04426,41669.0,41669.0,RAV4 Limited Electronic-AWD 2.5L 4-Cyl. Hybrid,Blueprint,4T3D6RFV1MU052827
0,04426,41798.0,41798.0,RAV4 Limited Electronic-AWD 2.5L 4-Cyl. Hybrid,Blueprint,4T3D6RFV2MU051766
0,04226,33769.0,33769.0,RAV4 XLE Electronic-AWD 2.5L 4-Cyl. Hybrid,Lunar Rock,4T3RWRFV6MU032871
0,04226,39913.0,39913.0,RAV4 XSE Electronic-AWD 2.5L 4-Cyl. Hybrid,Magnetic Gray Metallic/Midnight Black Metallic roof,JTME6RFV4MD515416
0,04412,33869.0,33869.0,RAV4 XLE Electronic-AWD 2.5L 4-Cyl. Hybrid,Blueprint,JTMRWRFV0MD124524
0,04412,37926.0,37926.0,RAV4 XSE Electronic-AWD 2.5L 4-Cyl. Hybrid,Silver Sky Metallic/Midnight Black Metallic roof,4T3E6RFV6MU053556
0,04213,31064.0,31064.0,RAV4 LE Electronic-AWD 2.5L 4-Cyl. Hybrid,Super White,JTMMWRFV4MD124486
0,04213,41419.0,41419.0,RAV4 Limited Electronic-AWD 2.5L 4-Cyl. Hybrid,Blueprint,4T3D6RFV9MU054518
0,04119,40108.0,40108.0,RAV4 Limited TV-AWD 2.5L 4-Cyl.,Midnight Black Metallic,2T3N1RFV6MC231434
0,04454,31753.0,31753.0,RAV4 LE Electronic-AWD 2.5L 4-Cyl. Hybrid,Super White,JTMMWRFV8MD124684
0,04454,32071.0,32071.0,RAV4 LE Electronic-AWD 2.5L 4-Cyl. Hybrid,Magnetic Gray Metallic,4T3MWRFV8MU032378
0,04454,34568.0,34568.0,RAV4 XLE Electronic-AWD 2.5L 4-Cyl. Hybrid,Super White,4T3RWRFV2MU032897
0,04143,31489.0,31489.0,RAV4 LE Electronic-AWD 2.5L 4-Cyl. Hybrid,Ruby Flare Pearl [extra_cost_color],JTMMWRFVXMD124721
0,04143,32844.0,32844.0,RAV4 XLE Electronic-AWD 2.5L 4-Cyl. Hybrid,Midnight Black Metallic,4T3RWRFV9MU033092
0,04143,35359.0,35359.0,RAV4 XLE Premium Hybrid AWD,Silver Sky Metallic,4T3B6RFV7MU054489
0,04143,41354.0,41354.0,RAV4 Limited Electronic-AWD 2.5L 4-Cyl. Hybrid,Magnetic Gray Metallic,4T3D6RFV9MU054762
0,04256,33009.0,33009.0,RAV4 XLE Electronic-AWD 2.5L 4-Cyl. Hybrid,Lunar Rock,JTMRWRFV9MD124859
0,04104,33869.0,33869.0,RAV4 XLE Electronic-AWD 2.5L 4-Cyl. Hybrid,Magnetic Gray Metallic,JTMRWRFV1MD125312
0,04317,31279.0,31279.0,RAV4 LE Electronic-AWD 2.5L 4-Cyl. Hybrid,Magnetic Gray Metallic,4T3MWRFV2MU032912
0,04317,31279.0,31279.0,RAV4 LE Electronic-AWD 2.5L 4-Cyl. Hybrid,Midnight Black Metallic,4T3MWRFV6MU032430
0,04317,31279.0,31279.0,RAV4 LE Electronic-AWD 2.5L 4-Cyl. Hybrid,Midnight Black Metallic,4T3MWRFV4MU032331
0,04317,31379.0,31379.0,RAV4 LE Electronic-AWD 2.5L 4-Cyl. Hybrid,Midnight Black Metallic,JTMMWRFV2MD124440
0,04317,34184.0,34184.0,RAV4 XLE Electronic-AWD 2.5L 4-Cyl. Hybrid,Midnight Black Metallic,JTMRWRFV6MD125533
0,04317,34609.0,34609.0,RAV4 XLE Electronic-AWD 2.5L 4-Cyl. Hybrid,Ruby Flare Pearl [extra_cost_color],JTMRWRFV7MD125282
0,04317,36924.0,36924.0,RAV4 XSE Electronic-AWD 2.5L 4-Cyl. Hybrid,Silver Sky Metallic/Midnight Black Metallic roof,4T3E6RFV1MU054291
0,04317,39784.0,39784.0,RAV4 XSE Electronic-AWD 2.5L 4-Cyl. Hybrid,Silver Sky Metallic/Midnight Black Metallic roof,JTME6RFV7MD515295
0,04317,41669.0,41669.0,RAV4 Limited Electronic-AWD 2.5L 4-Cyl. Hybrid,Magnetic Gray Metallic,4T3D6RFV7MU054193
0,04317,41669.0,41669.0,RAV4 Limited Electronic-AWD 2.5L 4-Cyl. Hybrid,Silver Sky Metallic,4T3D6RFV0MU051569
0,04317,42094.0,42094.0,RAV4 Limited Electronic-AWD 2.5L 4-Cyl. Hybrid,Blizzard Pearl [extra_cost_color],4T3D6RFV9MU053658
0,04346,30964.0,30964.0,RAV4 LE Electronic-AWD 2.5L 4-Cyl. Hybrid,Super White,4T3MWRFV9MU032633
0,04346,30964.0,30964.0,RAV4 LE Electronic-AWD 2.5L 4-Cyl. Hybrid,Super White,4T3MWRFV7MU032775
0,04346,32844.0,32844.0,RAV4 XLE Electronic-AWD 2.5L 4-Cyl. Hybrid,Super White,4T3RWRFVXMU032971
0,04346,32844.0,32844.0,RAV4 XLE Electronic-AWD 2.5L 4-Cyl. Hybrid,Lunar Rock,4T3RWRFV6MU032966
0,04346,35359.0,35359.0,RAV4 XLE Premium Hybrid AWD,Magnetic Gray Metallic,4T3B6RFV7MU054685
0,04346,37034.0,37034.0,RAV4 XSE Electronic-AWD 2.5L 4-Cyl. Hybrid,Blizzard Pearl / Midnight Black Metallic roof [extra_cost_color],4T3E6RFV3MU054826
0,04007,33334.0,33334.0,RAV4 XLE Electronic-AWD 2.5L 4-Cyl. Hybrid,Magnetic Gray Metallic,4T3RWRFV0MU033112
0,04007,35498.0,35498.0,RAV4 XLE Electronic-AWD 2.5L 4-Cyl. Hybrid,Midnight Black Metallic,4T3RWRFV7MU032863
0,04362,35522.0,35522.0,RAV4 XLE Electronic-AWD 2.5L 4-Cyl. Hybrid,Magnetic Gray Metallic,4T3RWRFV2MU032981
0,04362,40978.0,40978.0,RAV4 XSE Electronic-AWD 2.5L 4-Cyl. Hybrid,Blizzard Pearl / Midnight Black Metallic roof [extra_cost_color],JTME6RFV3MD515276
0,04051,28374.0,28374.0,RAV4 LE FWD 2.5L 4-Cyl.,Magnetic Gray Metallic,2T3K1RFV0MW155730
0,04051,35359.0,35359.0,RAV4 XLE Premium Hybrid AWD,Silver Sky Metallic,4T3B6RFVXMU053966
0,04022,40237.0,40237.0,RAV4 Limited TV-AWD 2.5L 4-Cyl.,Midnight Black Metallic,2T3N1RFVXMC230948
0,04563,33869.0,33869.0,RAV4 XLE Electronic-AWD 2.5L 4-Cyl. Hybrid,Magnetic Gray Metallic,JTMRWRFV5MD125619
0,04563,34809.0,34809.0,RAV4 XLE Premium Hybrid AWD,Blizzard Pearl [extra_cost_color],JTMB6RFVXMD038770
0,04563,35669.0,35669.0,RAV4 XLE Premium FWD 2.5L 4-Cyl.,Magnetic Gray Metallic,2T3C1RFV5MC158323
0,04563,39894.0,39894.0,RAV4 XSE Electronic-AWD 2.5L 4-Cyl. Hybrid,Blizzard Pearl / Midnight Black Metallic roof [extra_cost_color],JTME6RFV5MD515277
0,04563,41454.0,41454.0,RAV4 Limited Electronic-AWD 2.5L 4-Cyl. Hybrid,Silver Sky Metallic,4T3D6RFV9MU054986
0,04563,41454.0,41454.0,RAV4 Limited Electronic-AWD 2.5L 4-Cyl. Hybrid,Silver Sky Metallic,4T3D6RFV5MU054970
0,04122,34259.0,34259.0,RAV4 XLE Electronic-AWD 2.5L 4-Cyl. Hybrid,Lunar Rock,4T3RWRFV3MU032956
0,04122,34388.0,34388.0,RAV4 XLE Electronic-AWD 2.5L 4-Cyl. Hybrid,Lunar Rock,4T3RWRFV8MU033097
0,04122,38767.0,38767.0,RAV4 XLE Premium Hybrid AWD,Magnetic Gray Metallic,4T3B6RFV3MU054425
0,04122,39813.0,39813.0,RAV4 XSE Electronic-AWD 2.5L 4-Cyl. Hybrid,Magnetic Gray Metallic/Midnight Black Metallic roof,4T3E6RFV6MU054285
0,04374,31064.0,31064.0,RAV4 LE Electronic-AWD 2.5L 4-Cyl. Hybrid,Silver Sky Metallic,JTMMWRFV8MD122711
0,04374,31064.0,31064.0,RAV4 LE Electronic-AWD 2.5L 4-Cyl. Hybrid,Super White,JTMMWRFVXMD559397
0,04374,31064.0,31064.0,RAV4 LE Electronic-AWD 2.5L 4-Cyl. Hybrid,Silver Sky Metallic,JTMMWRFV0MD124078
0,04374,32844.0,32844.0,RAV4 XLE Electronic-AWD 2.5L 4-Cyl. Hybrid,Super White,4T3RWRFV6MU033079
0,04374,33869.0,33869.0,RAV4 XLE Electronic-AWD 2.5L 4-Cyl. Hybrid,Blue Flame,JTMRWRFV0MD125236
0,04374,34809.0,34809.0,RAV4 XLE Premium Hybrid AWD,Blizzard Pearl [extra_cost_color],JTMB6RFV0MD037711
0,04374,35359.0,35359.0,RAV4 XLE Premium Hybrid AWD,Lunar Rock,4T3B6RFV9MU054199
0,04374,39469.0,39469.0,RAV4 XSE Electronic-AWD 2.5L 4-Cyl. Hybrid,Blueprint / Midnight Black Metallic roof,JTME6RFV3MJ009349
0,04374,39894.0,39894.0,RAV4 XSE Electronic-AWD 2.5L 4-Cyl. Hybrid,Blizzard Pearl / Midnight Black Metallic roof [extra_cost_color],4T3E6RFV7MU055008
0,04364,38388.0,38388.0,RAV4 XLE Premium Hybrid AWD,Silver Sky Metallic,4T3B6RFVXMU053465
0,04364,38388.0,38388.0,RAV4 XLE Premium Hybrid AWD,Magnetic Gray Metallic,4T3B6RFV9MU054882
0,04364,38488.0,38488.0,RAV4 XLE Premium Hybrid AWD,Magnetic Gray Metallic,JTMB6RFV4MD038926
0,04364,41863.0,41863.0,RAV4 Limited Electronic-AWD 2.5L 4-Cyl. Hybrid,Silver Sky Metallic,4T3D6RFV2MU052965
0,04364,43285.0,43285.0,RAV4 Limited Electronic-AWD 2.5L 4-Cyl. Hybrid,Blizzard Pearl [extra_cost_color],4T3D6RFVXMU052597
0,04364,43285.0,43285.0,RAV4 Limited Electronic-AWD 2.5L 4-Cyl. Hybrid,Ruby Flare Pearl [extra_cost_color],4T3D6RFV9MU053255
0,04389,39784.0,39784.0,RAV4 XSE Electronic-AWD 2.5L 4-Cyl. Hybrid,Blueprint / Midnight Black Metallic roof,JTME6RFV0MJ009373
0,04389,40209.0,40209.0,RAV4 XSE Electronic-AWD 2.5L 4-Cyl. Hybrid,Blizzard Pearl / Midnight Black Metallic roof [extra_cost_color],JTME6RFV6MD515448
0,04201,33259.0,33259.0,RAV4 XLE Electronic-AWD 2.5L 4-Cyl. Hybrid,Super White,JTMRWRFV7MD124519
0,04201,39784.0,39784.0,RAV4 XSE Electronic-AWD 2.5L 4-Cyl. Hybrid,Blueprint / Midnight Black Metallic roof,JTME6RFV5MJ009160
0,04201,39784.0,39784.0,RAV4 XSE Electronic-AWD 2.5L 4-Cyl. Hybrid,Magnetic Gray Metallic/Midnight Black Metallic roof,JTME6RFV3MD515441
0,04201,40748.0,40748.0,RAV4 Limited TV-AWD 2.5L 4-Cyl.,Midnight Black Metallic,JTMN1RFV5MD083823
0,04201,40748.0,40748.0,RAV4 Limited TV-AWD 2.5L 4-Cyl.,Blueprint,JTMN1RFV7MD083886
0,04077,35884.0,35884.0,RAV4 XLE Premium Hybrid AWD,Ruby Flare Pearl [extra_cost_color],JTMB6RFV0MD039314
0,04077,39784.0,39784.0,RAV4 XSE Electronic-AWD 2.5L 4-Cyl. Hybrid,Blueprint / Midnight Black Metallic roof,JTME6RFV8MJ009329
0,04421,30964.0,30964.0,RAV4 LE Electronic-AWD 2.5L 4-Cyl. Hybrid,Blue Flame,4T3MWRFV6MU032637
0,04421,31443.0,31443.0,RAV4 XLE AWD 2.5L 4-Cyl.,Magnetic Gray Metallic,2T3P1RFV2MW228618
0,04421,38194.0,38194.0,RAV4 XLE Premium Hybrid AWD,Midnight Black Metallic,4T3B6RFV2MU054450
0,04487,31782.0,31782.0,RAV4 LE Electronic-AWD 2.5L 4-Cyl. Hybrid,Super White,4T3MWRFV9MU032549
0,04487,32207.0,32207.0,RAV4 LE Electronic-AWD 2.5L 4-Cyl. Hybrid,Ruby Flare Pearl [extra_cost_color],4T3MWRFV1MU032450
0,04487,33922.0,33922.0,RAV4 XLE Electronic-AWD 2.5L 4-Cyl. Hybrid,Super White,JTMRWRFVXMD125499
0,04487,34051.0,34051.0,RAV4 XLE Electronic-AWD 2.5L 4-Cyl. Hybrid,Super White,JTMRWRFV4MD125496
0,04487,35270.0,35270.0,RAV4 XLE Premium AWD 2.5L 4-Cyl.,Silver Sky Metallic,2T3A1RFV7MC236219
0,04774,39580.0,39580.0,RAV4 XSE Electronic-AWD 2.5L 4-Cyl. Hybrid,Silver Sky Metallic/Midnight Black Metallic roof,JTME6RFV3MD515360
0,04185,35884.0,35884.0,RAV4 XLE Premium Hybrid AWD,Blizzard Pearl [extra_cost_color],JTMB6RFV9MD038890
0,04253,33324.0,33324.0,RAV4 XLE Electronic-AWD 2.5L 4-Cyl. Hybrid,Lunar Rock,JTMRWRFV6MD125158
0,04017,31554.0,31554.0,RAV4 LE Electronic-AWD 2.5L 4-Cyl. Hybrid,Super White,JTMMWRFV2MD124471
0,04072,32944.0,32944.0,RAV4 XLE Electronic-AWD 2.5L 4-Cyl. Hybrid,Magnetic Gray Metallic,JTMRWRFV6MD125600
0,04072,35359.0,35359.0,RAV4 XLE Premium Hybrid AWD,Magnetic Gray Metallic,4T3B6RFV8MU054551
0,04070,34384.0,34384.0,RAV4 XLE Premium Hybrid AWD,Magnetic Gray Metallic,JTMB6RFV4MD039090
0,04070,35459.0,35459.0,RAV4 XLE Premium Hybrid AWD,Silver Sky Metallic,JTMB6RFV5MD039079
0,04039,32032.0,32032.0,RAV4 LE Electronic-AWD 2.5L 4-Cyl. Hybrid,Super White,JTMMWRFVXMD124752
0,04039,32032.0,32032.0,RAV4 LE Electronic-AWD 2.5L 4-Cyl. Hybrid,Super White,JTMMWRFV3MD125760
0,04039,32032.0,32032.0,RAV4 LE Electronic-AWD 2.5L 4-Cyl. Hybrid,Silver Sky Metallic,JTMMWRFV4MD124049
0,04039,33912.0,33912.0,RAV4 XLE Electronic-AWD 2.5L 4-Cyl. Hybrid,Lunar Rock,JTMRWRFV7MD125539
0,04039,34837.0,34837.0,RAV4 XLE Electronic-AWD 2.5L 4-Cyl. Hybrid,Super White,JTMRWRFV3MD123609
0,27015,40144.0,40144.0,RAV4 Limited Electronic-AWD 2.5L 4-Cyl. Hybrid,Midnight Black Metallic,4T3D6RFV6MU052726
0,27013,33138.0,33138.0,RAV4 XLE Electronic-AWD 2.5L 4-Cyl. Hybrid,Silver Sky Metallic,JTMRWRFV8MD122763
0,27013,35264.0,35264.0,RAV4 XLE Electronic-AWD 2.5L 4-Cyl. Hybrid,Lunar Rock,JTMRWRFV5MD124390
0,27013,38644.0,38644.0,RAV4 XSE Electronic-AWD 2.5L 4-Cyl. Hybrid,Blueprint / Midnight Black Metallic roof,JTME6RFV4MJ009053
0,27013,40927.0,40927.0,RAV4 Limited Electronic-AWD 2.5L 4-Cyl. Hybrid,Blizzard Pearl [extra_cost_color],JTMD6RFV8MD037609
